795.64 , 104736 
795.65 , 104736 
795.66 , 104736 
795.67 , 104736 
795.68 , 104736 
795.69 , 104736 
795.7 , 104736 
795.71 , 104736 
795.72 , 104736 
795.73 , 104736 
795.74 , 104736 
795.75 , 104736 
795.76 , 104736 
795.77 , 104736 
795.78 , 104736 
795.79 , 104736 
795.8 , 104736 
795.81 , 104736 
795.82 , 104736 
795.83 , 104736 
795.84 , 104736 
795.85 , 104736 
795.86 , 104736 
795.87 , 104736 
795.88 , 104736 
795.89 , 104736 
795.9 , 104736 
795.91 , 104736 
795.92 , 104736 
795.93 , 104736 
795.94 , 104736 
795.95 , 104736 
795.96 , 104736 
795.97 , 104736 
795.98 , 104736 
795.99 , 139005 
796.0 , 98719 
796.01 , 98719 
796.02 , 98719 
796.03 , 98719 
796.04 , 98719 
796.05 , 98719 
796.06 , 98719 
796.07 , 98719 
796.08 , 98719 
796.09 , 98719 
796.1 , 98719 
796.11 , 98719 
796.12 , 124691 
796.13 , 60241 
796.14 , 60241 
796.15 , 60241 
796.16 , 60241 
796.17 , 60241 
796.18 , 60241 
796.19 , 60241 
796.2 , 60241 
796.21 , 60241 
796.22 , 60241 
796.23 , 60241 
796.24 , 60241 
796.25 , 60241 
796.26 , 60241 
796.27 , 60241 
796.28 , 117698 
796.29 , 117698 
796.3 , 117698 
796.31 , 117698 
796.32 , 117698 
796.33 , 117698 
796.34 , 117698 
796.35 , 117698 
796.36 , 117698 
796.37 , 117698 
796.38 , 117698 
796.39 , 117698 
796.4 , 117698 
796.41 , 141442 
796.42 , 115470 
796.43 , 115470 
796.44 , 115470 
796.45 , 115470 
796.46 , 115470 
796.47 , 115470 
796.48 , 115470 
796.49 , 115470 
796.5 , 115470 
796.51 , 115470 
796.52 , 115470 
796.53 , 115470 
796.54 , 115470 
796.55 , 115470 
796.56 , 115470 
796.57 , 146191 
796.58 , 111922 
796.59 , 111922 
796.6 , 111922 
796.61 , 111922 
796.62 , 111922 
796.63 , 111922 
796.64 , 111922 
796.65 , 111922 
796.66 , 111922 
796.67 , 111922 
796.68 , 111922 
796.69 , 111922 
796.7 , 111922 
796.71 , 111922 
796.72 , 111922 
796.73 , 111922 
796.74 , 111922 
796.75 , 111922 
796.76 , 152979 
796.77 , 152979 
796.78 , 152979 
796.79 , 152979 
796.8 , 152979 
796.81 , 152979 
796.82 , 178301 
796.83 , 154556 
796.84 , 154556 
796.85 , 154556 
796.86 , 154556 
796.87 , 154556 
796.88 , 154556 
796.89 , 154556 
796.9 , 154556 
796.91 , 154556 
796.92 , 154556 
796.93 , 154556 
796.94 , 154556 
796.95 , 154556 
796.96 , 154556 
796.97 , 154556 
796.98 , 154556 
796.99 , 154556 
797.0 , 154556 
797.01 , 154556 
797.02 , 195095 
797.03 , 195095 
797.04 , 195095 
797.05 , 195095 
797.06 , 241671 
797.07 , 241671 
797.08 , 241671 
797.09 , 241671 
797.1 , 241671 
797.11 , 241671 
797.12 , 241671 
797.13 , 241671 
797.14 , 241671 
797.15 , 241671 
797.16 , 204840 
797.17 , 204840 
797.18 , 204840 
797.19 , 204840 
797.2 , 204840 
797.21 , 204840 
797.22 , 204840 
797.23 , 204840 
797.24 , 204840 
797.25 , 232623 
797.26 , 208170 
797.27 , 208170 
797.28 , 208170 
797.29 , 208170 
797.3 , 164756 
797.31 , 144444 
797.32 , 90951 
797.33 , 113477 
797.34 , 92205 
797.35 , 92205 
797.36 , 92205 
797.37 , 92205 
797.38 , 92205 
797.39 , 92205 
797.4 , 92205 
797.41 , 92205 
797.42 , 92205 
797.43 , 92205 
797.44 , 92205 
797.45 , 92205 
797.46 , 92205 
797.47 , 123419 
797.48 , 108329 
797.49 , 108329 
797.5 , 108329 
797.51 , 108329 
797.52 , 108329 
797.53 , 108329 
797.54 , 108329 
797.55 , 108329 
797.56 , 108329 
797.57 , 108329 
797.58 , 108329 
797.59 , 108329 
797.6 , 108329 
797.61 , 108329 
797.62 , 108329 
797.63 , 108329 
797.64 , 108329 
797.65 , 108329 
797.66 , 108329 
797.67 , 108329 
797.68 , 108329 
797.69 , 108329 
797.7 , 108329 
797.71 , 108329 
797.72 , 108329 
797.73 , 108329 
797.74 , 108329 
797.75 , 108329 
797.76 , 108329 
797.77 , 108329 
797.78 , 108329 
797.79 , 108329 
797.8 , 108329 
797.81 , 108329 
797.82 , 108329 
797.83 , 108329 
797.84 , 108329 
797.85 , 108329 
797.86 , 108329 
797.87 , 108329 
797.88 , 108329 
797.89 , 108329 
797.9 , 108329 
797.91 , 108329 
797.92 , 108329 
797.93 , 108329 
797.94 , 108329 
797.95 , 108329 
797.96 , 108329 
797.97 , 108329 
797.98 , 108329 
797.99 , 67398 
798.0 , 85795 
798.01 , 54581 
798.02 , 54581 
798.03 , 54581 
798.04 , 54581 
798.05 , 54581 
798.06 , 54581 
798.07 , 54581 
798.08 , 54581 
798.09 , 54581 
798.1 , 54581 
798.11 , 54581 
798.12 , 54581 
798.13 , 54581 
798.14 , 54581 
798.15 , 54581 
798.16 , 54581 
798.17 , 54581 
798.18 , 54581 
798.19 , 54581 
798.2 , 54581 
798.21 , 54581 
798.22 , 54581 
798.23 , 54581 
798.24 , 54581 
798.25 , 54581 
798.26 , 54581 
798.27 , 54581 
798.28 , 54581 
798.29 , 54581 
798.3 , 54581 
798.31 , 54581 
798.32 , 54581 
798.33 , 54581 
798.34 , 54581 
798.35 , 54581 
798.36 , 54581 
798.37 , 54581 
798.38 , 54581 
798.39 , 54581 
798.4 , 54581 
798.41 , 54581 
798.42 , 54581 
798.43 , 54581 
798.44 , 54581 
798.45 , 54581 
798.46 , 54581 
798.47 , 54581 
798.48 , 54581 
798.49 , 54581 
798.5 , 54581 
798.51 , 54581 
798.52 , 54581 
798.53 , 54581 
798.54 , 54581 
798.55 , 110639 
798.56 , 110639 
798.57 , 110639 
798.58 , 110639 
798.59 , 110639 
798.6 , 110639 
798.61 , 60290 
798.62 , 60290 
798.63 , 60290 
798.64 , 60290 
798.65 , 60290 
798.66 , 60290 
798.67 , 60290 
798.68 , 60290 
798.69 , 60290 
798.7 , 60290 
798.71 , 60290 
798.72 , 60290 
798.73 , 60290 
798.74 , 91435 
798.75 , 67330 
798.76 , 67330 
798.77 , 143735 
798.78 , 143735 
798.79 , 143735 
798.8 , 143735 
798.81 , 143735 
798.82 , 143735 
798.83 , 143735 
798.84 , 143735 
798.85 , 143735 
798.86 , 143735 
798.87 , 143735 
798.88 , 143735 
798.89 , 143735 
798.9 , 172715 
798.91 , 172715 
798.92 , 172715 
798.93 , 172715 
798.94 , 172715 
798.95 , 215691 
798.96 , 215691 
798.97 , 215691 
798.98 , 215691 
798.99 , 215691 
799.0 , 254277 
799.01 , 172140 
799.02 , 172140 
799.03 , 172140 
799.04 , 172140 
799.05 , 230155 
799.06 , 230155 
799.07 , 230155 
799.08 , 230155 
799.09 , 263282 
799.1 , 288943 
799.11 , 331028 
799.12 , 299882 
799.13 , 299882 
799.14 , 299882 
799.15 , 344826 
799.16 , 360200 
799.17 , 399136 
799.18 , 357051 
799.19 , 357051 
799.2 , 395698 
799.21 , 395698 
799.22 , 395698 
799.23 , 395698 
799.24 , 395698 
799.25 , 448664 
799.26 , 394653 
799.27 , 394653 
799.28 , 394653 
799.29 , 406687 
799.3 , 402028 
799.31 , 389178 
799.32 , 464625 
799.33 , 421602 
799.34 , 461692 
799.35 , 480595 
799.36 , 481650 
799.37 , 460736 
799.38 , 460736 
799.39 , 525478 
799.4 , 576933 
799.41 , 599133 
799.42 , 626728 
799.43 , 629353 
799.44 , 650262 
799.45 , 650262 
799.46 , 650262 
799.47 , 722034 
799.48 , 668738 
799.49 , 699279 
799.5 , 669431 
799.51 , 684709 
799.52 , 692943 
799.53 , 669695 
799.54 , 669695 
799.55 , 745039 
799.56 , 718830 
799.57 , 718830 
799.58 , 748006 
799.59 , 729894 
799.6 , 724895 
799.61 , 805891 
799.62 , 823578 
799.63 , 785399 
799.64 , 811963 
799.65 , 714080 
799.66 , 726204 
799.67 , 749580 
799.68 , 736318 
799.69 , 724194 
799.7 , 768727 
799.71 , 766369 
799.72 , 894061 
799.73 , 927677 
799.74 , 885279 
799.75 , 906155 
799.76 , 892163 
799.77 , 877833 
799.78 , 850149 
799.79 , 865051 
799.8 , 547629 
799.81 , 652542 
799.82 , 604293 
799.83 , 607624 
799.84 , 591064 
799.85 , 591064 
799.86 , 591064 
799.87 , 591064 
799.88 , 603244 
799.89 , 534727 
799.9 , 488964 
799.91 , 521219 
799.92 , 539003 
799.93 , 523927 
799.94 , 563695 
799.95 , 563695 
799.96 , 563695 
799.97 , 609398 
799.98 , 536897 
799.99 , 536897 
800.0 , 503187 
800.01 , 371398 
800.02 , 371398 
800.03 , 202235 
800.04 , 202235 
800.05 , 202235 
800.06 , 202235 
800.07 , 202235 
800.08 , 202235 
800.09 , 202235 
800.1 , 202235 
800.11 , 202235 
800.12 , 202235 
800.13 , 202235 
800.14 , 219364 
800.15 , 203398 
800.16 , 203398 
800.17 , 203398 
800.18 , 203398 
800.19 , 233501 
800.2 , 231423 
800.21 , 217752 
800.22 , 217752 
800.23 , 217752 
800.24 , 217752 
800.25 , 217752 
800.26 , 241057 
800.27 , 210954 
800.28 , 175422 
800.29 , 175422 
800.3 , 197382 
800.31 , 175465 
800.32 , 175465 
800.33 , 141325 
800.34 , 141325 
800.35 , 141325 
800.36 , 155235 
800.37 , 126990 
800.38 , 126990 
800.39 , 126990 
800.4 , 126990 
800.41 , 126990 
800.42 , 126990 
800.43 , 126990 
800.44 , 126990 
800.45 , 126990 
800.46 , 126990 
800.47 , 126990 
800.48 , 155826 
800.49 , 155826 
800.5 , 155826 
800.51 , 175756 
800.52 , 141962 
800.53 , 141962 
800.54 , 141962 
800.55 , 141962 
800.56 , 168173 
800.57 , 152941 
800.58 , 166807 
800.59 , 145640 
800.6 , 145640 
800.61 , 145640 
800.62 , 145640 
800.63 , 145640 
800.64 , 145640 
800.65 , 145640 
800.66 , 145640 
800.67 , 145640 
800.68 , 145640 
800.69 , 145640 
800.7 , 145640 
800.71 , 145640 
800.72 , 145640 
800.73 , 145640 
800.74 , 145640 
800.75 , 145640 
800.76 , 145640 
800.77 , 145640 
800.78 , 145640 
800.79 , 145640 
800.8 , 145640 
800.81 , 145640 
800.82 , 145640 
800.83 , 145640 
800.84 , 145640 
800.85 , 188369 
800.86 , 160899 
800.87 , 160899 
800.88 , 160899 
800.89 , 160899 
800.9 , 160899 
800.91 , 176674 
800.92 , 153368 
800.93 , 153368 
800.94 , 153368 
800.95 , 153368 
800.96 , 153368 
800.97 , 194781 
800.98 , 194781 
800.99 , 194781 
801.0 , 260768 
801.01 , 218658 
801.02 , 218658 
801.03 , 218658 
801.04 , 218658 
801.05 , 218658 
801.06 , 218658 
801.07 , 218658 
801.08 , 151162 
801.09 , 151162 
801.1 , 151162 
801.11 , 151162 
801.12 , 151162 
801.13 , 151162 
801.14 , 151162 
801.15 , 151162 
801.16 , 151162 
801.17 , 151162 
801.18 , 151162 
801.19 , 151162 
801.2 , 151162 
801.21 , 151162 
801.22 , 151162 
801.23 , 151162 
801.24 , 151162 
801.25 , 151162 
801.26 , 151162 
801.27 , 151162 
801.28 , 119859 
801.29 , 119859 
801.3 , 119859 
801.31 , 80955 
801.32 , 80955 
801.33 , 80955 
801.34 , 80955 
801.35 , 80955 
801.36 , 80955 
801.37 , 80955 
801.38 , 137154 
801.39 , 137154 
801.4 , 137154 
801.41 , 137154 
801.42 , 137154 
801.43 , 137154 
801.44 , 137154 
801.45 , 137154 
801.46 , 91012 
801.47 , 91012 
801.48 , 91012 
801.49 , 91012 
801.5 , 91012 
801.51 , 91012 
801.52 , 91012 
801.53 , 91012 
801.54 , 91012 
801.55 , 91012 
801.56 , 91012 
801.57 , 91012 
801.58 , 91012 
801.59 , 91012 
801.6 , 91012 
801.61 , 91012 
801.62 , 91012 
801.63 , 91012 
801.64 , 91012 
801.65 , 91012 
801.66 , 91012 
801.67 , 91012 
801.68 , 91012 
801.69 , 91012 
801.7 , 91012 
801.71 , 91012 
801.72 , 91012 
801.73 , 91012 
801.74 , 91012 
801.75 , 91012 
801.76 , 91012 
801.77 , 91012 
801.78 , 91012 
801.79 , 91012 
801.8 , 91012 
801.81 , 91012 
801.82 , 91012 
801.83 , 91012 
801.84 , 91012 
801.85 , 91012 
801.86 , 91012 
801.87 , 91012 
801.88 , 91012 
801.89 , 91012 
801.9 , 91012 
801.91 , 91012 
801.92 , 91012 
801.93 , 91012 
801.94 , 91012 
801.95 , 106088 
801.96 , 75761 
801.97 , 75761 
801.98 , 75761 
801.99 , 75761 
802.0 , 129177 
802.01 , 94364 
802.02 , 94364 
802.03 , 94364 
802.04 , 94364 
802.05 , 94364 
802.06 , 94364 
802.07 , 94364 
802.08 , 94364 
802.09 , 94364 
802.1 , 94364 
802.11 , 94364 
802.12 , 94364 
802.13 , 94364 
802.14 , 94364 
802.15 , 94364 
802.16 , 94364 
802.17 , 94364 
802.18 , 94364 
802.19 , 94364 
802.2 , 94364 
802.21 , 94364 
802.22 , 94364 
802.23 , 94364 
802.24 , 133315 
802.25 , 133315 
802.26 , 133315 
802.27 , 133315 
802.28 , 133315 
802.29 , 133315 
802.3 , 133315 
802.31 , 133315 
802.32 , 133315 
802.33 , 133315 
802.34 , 133315 
802.35 , 133315 
802.36 , 133315 
802.37 , 133315 
802.38 , 133315 
802.39 , 133315 
802.4 , 133315 
802.41 , 133315 
802.42 , 133315 
802.43 , 133315 
802.44 , 133315 
802.45 , 133315 
802.46 , 133315 
802.47 , 133315 
802.48 , 133315 
802.49 , 133315 
802.5 , 133315 
802.51 , 133315 
802.52 , 93782 
802.53 , 93782 
802.54 , 93782 
802.55 , 93782 
802.56 , 93782 
802.57 , 93782 
802.58 , 93782 
802.59 , 93782 
802.6 , 93782 
802.61 , 93782 
802.62 , 93782 
802.63 , 93782 
802.64 , 93782 
802.65 , 93782 
802.66 , 93782 
802.67 , 93782 
802.68 , 93782 
802.69 , 93782 
802.7 , 93782 
802.71 , 93782 
802.72 , 93782 
802.73 , 93782 
802.74 , 93782 
802.75 , 93782 
802.76 , 93782 
802.77 , 93782 
802.78 , 93782 
802.79 , 93782 
802.8 , 93782 
802.81 , 93782 
802.82 , 93782 
802.83 , 93782 
802.84 , 93782 
802.85 , 93782 
802.86 , 93782 
802.87 , 93782 
802.88 , 93782 
802.89 , 93782 
802.9 , 93782 
802.91 , 93782 
802.92 , 93782 
802.93 , 93782 
802.94 , 93782 
802.95 , 93782 
802.96 , 93782 
802.97 , 93782 
802.98 , 93782 
802.99 , 93782 
803.0 , 93782 
803.01 , 93782 
803.02 , 93782 
803.03 , 139021 
803.04 , 139021 
803.05 , 139021 
803.06 , 139021 
803.07 , 139021 
803.08 , 139021 
803.09 , 139021 
803.1 , 139021 
803.11 , 169863 
803.12 , 169863 
803.13 , 169863 
803.14 , 169863 
803.15 , 211173 
803.16 , 211173 
803.17 , 211173 
803.18 , 211173 
803.19 , 211173 
803.2 , 211173 
803.21 , 211173 
803.22 , 211173 
803.23 , 211173 
803.24 , 211173 
803.25 , 211173 
803.26 , 211173 
803.27 , 261468 
803.28 , 261468 
803.29 , 261468 
803.3 , 307727 
803.31 , 307727 
803.32 , 307727 
803.33 , 307727 
803.34 , 307727 
803.35 , 307727 
803.36 , 307727 
803.37 , 320446 
803.38 , 331376 
803.39 , 351269 
803.4 , 351269 
803.41 , 351269 
803.42 , 278999 
803.43 , 255288 
803.44 , 255288 
803.45 , 255288 
803.46 , 255288 
803.47 , 255288 
803.48 , 255288 
803.49 , 261217 
803.5 , 261217 
803.51 , 261217 
803.52 , 261217 
803.53 , 261217 
803.54 , 261217 
803.55 , 261217 
803.56 , 261217 
803.57 , 261217 
803.58 , 279063 
803.59 , 250536 
803.6 , 250536 
803.61 , 354122 
803.62 , 393572 
803.63 , 322310 
803.64 , 322310 
803.65 , 322310 
803.66 , 393774 
803.67 , 343921 
803.68 , 400700 
803.69 , 344911 
803.7 , 344911 
803.71 , 344911 
803.72 , 344911 
803.73 , 255620 
803.74 , 273312 
803.75 , 207569 
803.76 , 189876 
803.77 , 189876 
803.78 , 189876 
803.79 , 189876 
803.8 , 189876 
803.81 , 189876 
803.82 , 189876 
803.83 , 189876 
803.84 , 189876 
803.85 , 215490 
803.86 , 202772 
803.87 , 214444 
803.88 , 193304 
803.89 , 193304 
803.9 , 193304 
803.91 , 193304 
803.92 , 193304 
803.93 , 193304 
803.94 , 193304 
803.95 , 193304 
803.96 , 188147 
803.97 , 188147 
803.98 , 188147 
803.99 , 188147 
804.0 , 196320 
804.01 , 181586 
804.02 , 181586 
804.03 , 150442 
804.04 , 150442 
804.05 , 150442 
804.06 , 150442 
804.07 , 150442 
804.08 , 150442 
804.09 , 150442 
804.1 , 150442 
804.11 , 150442 
804.12 , 150442 
804.13 , 150442 
804.14 , 150442 
804.15 , 150442 
804.16 , 150442 
804.17 , 201460 
804.18 , 224911 
804.19 , 198429 
804.2 , 198429 
804.21 , 198429 
804.22 , 198429 
804.23 , 198429 
804.24 , 198429 
804.25 , 198429 
804.26 , 156765 
804.27 , 136081 
804.28 , 150317 
804.29 , 142144 
804.3 , 142144 
804.31 , 142144 
804.32 , 142144 
804.33 , 142144 
804.34 , 142144 
804.35 , 142144 
804.36 , 142144 
804.37 , 142144 
804.38 , 142144 
804.39 , 177887 
804.4 , 164923 
804.41 , 105730 
804.42 , 105730 
804.43 , 105730 
804.44 , 105730 
804.45 , 105730 
804.46 , 168179 
804.47 , 145472 
804.48 , 191463 
804.49 , 172707 
804.5 , 172707 
804.51 , 172707 
804.52 , 217547 
804.53 , 241473 
804.54 , 241473 
804.55 , 210597 
804.56 , 210597 
804.57 , 210597 
804.58 , 210597 
804.59 , 226866 
804.6 , 243659 
804.61 , 198818 
804.62 , 281277 
804.63 , 247887 
804.64 , 247887 
804.65 , 247887 
804.66 , 247887 
804.67 , 247887 
804.68 , 247887 
804.69 , 247887 
804.7 , 247887 
804.71 , 280063 
804.72 , 234071 
804.73 , 234071 
804.74 , 234071 
804.75 , 234071 
804.76 , 234071 
804.77 , 234071 
804.78 , 176680 
804.79 , 176680 
804.8 , 176680 
804.81 , 271199 
804.82 , 246963 
804.83 , 246963 
804.84 , 246963 
804.85 , 246963 
804.86 , 246963 
804.87 , 246963 
804.88 , 246963 
804.89 , 246963 
804.9 , 246963 
804.91 , 246963 
804.92 , 246963 
804.93 , 246963 
804.94 , 246963 
804.95 , 246963 
804.96 , 246963 
804.97 , 246963 
804.98 , 246963 
804.99 , 246963 
805.0 , 246963 
805.01 , 246963 
805.02 , 306650 
805.03 , 306650 
805.04 , 306650 
805.05 , 306650 
805.06 , 306650 
805.07 , 306650 
805.08 , 306650 
805.09 , 306650 
805.1 , 306650 
805.11 , 351731 
805.12 , 351731 
805.13 , 351731 
805.14 , 351731 
805.15 , 351731 
805.16 , 351731 
805.17 , 382448 
805.18 , 343778 
805.19 , 343778 
805.2 , 300215 
805.21 , 360415 
805.22 , 360415 
805.23 , 360415 
805.24 , 360415 
805.25 , 360415 
805.26 , 360415 
805.27 , 360415 
805.28 , 360415 
805.29 , 360415 
805.3 , 360415 
805.31 , 360415 
805.32 , 360415 
805.33 , 360415 
805.34 , 360415 
805.35 , 245781 
805.36 , 245781 
805.37 , 297099 
805.38 , 297655 
805.39 , 263421 
805.4 , 359920 
805.41 , 333953 
805.42 , 333953 
805.43 , 366917 
805.44 , 315599 
805.45 , 315599 
805.46 , 315599 
805.47 , 315599 
805.48 , 190363 
805.49 , 190363 
805.5 , 190363 
805.51 , 190363 
805.52 , 190363 
805.53 , 190363 
805.54 , 190363 
805.55 , 190363 
805.56 , 190363 
805.57 , 190363 
805.58 , 190363 
805.59 , 190363 
805.6 , 190363 
805.61 , 207008 
805.62 , 185434 
805.63 , 185434 
805.64 , 185434 
805.65 , 185434 
805.66 , 185434 
805.67 , 185434 
805.68 , 129413 
805.69 , 129413 
805.7 , 129413 
805.71 , 129413 
805.72 , 129413 
805.73 , 129413 
805.74 , 129413 
805.75 , 129413 
805.76 , 129413 
805.77 , 129413 
805.78 , 129413 
805.79 , 129413 
805.8 , 129413 
805.81 , 129413 
805.82 , 151279 
805.83 , 113380 
805.84 , 113380 
805.85 , 113380 
805.86 , 113380 
805.87 , 113380 
805.88 , 154351 
805.89 , 138082 
805.9 , 138082 
805.91 , 138082 
805.92 , 138082 
805.93 , 138082 
805.94 , 138082 
805.95 , 138082 
805.96 , 138082 
805.97 , 138082 
805.98 , 138082 
805.99 , 138082 
806.0 , 138082 
806.01 , 138082 
806.02 , 138082 
806.03 , 138082 
806.04 , 138082 
806.05 , 138082 
806.06 , 138082 
806.07 , 138082 
806.08 , 138082 
806.09 , 138082 
806.1 , 138082 
806.11 , 138082 
806.12 , 138082 
806.13 , 138082 
806.14 , 138082 
806.15 , 138082 
806.16 , 163248 
806.17 , 179644 
806.18 , 179644 
806.19 , 179644 
806.2 , 179644 
806.21 , 179644 
806.22 , 179644 
806.23 , 179644 
806.24 , 179644 
806.25 , 179644 
806.26 , 179644 
806.27 , 179644 
806.28 , 179644 
806.29 , 225555 
806.3 , 225555 
806.31 , 225555 
806.32 , 225555 
806.33 , 225555 
806.34 , 225555 
806.35 , 225555 
806.36 , 225555 
806.37 , 225555 
806.38 , 225555 
806.39 , 225555 
806.4 , 225555 
806.41 , 185714 
806.42 , 227634 
806.43 , 250006 
806.44 , 229005 
806.45 , 229005 
806.46 , 229005 
806.47 , 229005 
806.48 , 229005 
806.49 , 229005 
806.5 , 183918 
806.51 , 183918 
806.52 , 183918 
806.53 , 136885 
806.54 , 136885 
806.55 , 136885 
806.56 , 136885 
806.57 , 136885 
806.58 , 136885 
806.59 , 136885 
806.6 , 136885 
806.61 , 136885 
806.62 , 136885 
806.63 , 136885 
806.64 , 136885 
806.65 , 136885 
806.66 , 136885 
806.67 , 136885 
806.68 , 136885 
806.69 , 136885 
806.7 , 136885 
806.71 , 136885 
806.72 , 136885 
806.73 , 136885 
806.74 , 136885 
806.75 , 136885 
806.76 , 136885 
806.77 , 178001 
806.78 , 201293 
806.79 , 225859 
806.8 , 70072 
806.81 , 242722 
806.82 , 242722 
806.83 , 242722 
806.84 , 242722 
806.85 , 366571 
806.86 , 366571 
806.87 , 409370 
806.88 , 409370 
806.89 , 409370 
806.9 , 446596 
806.91 , 397392 
806.92 , 397392 
806.93 , 281777 
806.94 , 281777 
806.95 , 281777 
806.96 , 281777 
806.97 , 281777 
806.98 , 281777 
806.99 , 302652 
807.0 , 279361 
807.01 , 279361 
807.02 , 279361 
807.03 , 279361 
807.04 , 279361 
807.05 , 279361 
807.06 , 229221 
807.07 , 229221 
807.08 , 229221 
807.09 , 274530 
807.1 , 229536 
807.11 , 229536 
807.12 , 229536 
807.13 , 229536 
807.14 , 229536 
807.15 , 229536 
807.16 , 229536 
807.17 , 229536 
807.18 , 229536 
807.19 , 229536 
807.2 , 229536 
807.21 , 229536 
807.22 , 229536 
807.23 , 229536 
807.24 , 229536 
807.25 , 229536 
807.26 , 229536 
807.27 , 229536 
807.28 , 229536 
807.29 , 247962 
807.3 , 216492 
807.31 , 216492 
807.32 , 292659 
807.33 , 292659 
807.34 , 292659 
807.35 , 292659 
807.36 , 292659 
807.37 , 292659 
807.38 , 292659 
807.39 , 292659 
807.4 , 325063 
807.41 , 309305 
807.42 , 243121 
807.43 , 243121 
807.44 , 243121 
807.45 , 243121 
807.46 , 243121 
807.47 , 243121 
807.48 , 243121 
807.49 , 243121 
807.5 , 243121 
807.51 , 243121 
807.52 , 243121 
807.53 , 243121 
807.54 , 243121 
807.55 , 243121 
807.56 , 264008 
807.57 , 243440 
807.58 , 243440 
807.59 , 243440 
807.6 , 243440 
807.61 , 243440 
807.62 , 243440 
807.63 , 243440 
807.64 , 243440 
807.65 , 199833 
807.66 , 192755 
807.67 , 360620 
807.68 , 360620 
807.69 , 295259 
807.7 , 295259 
807.71 , 295259 
807.72 , 318279 
807.73 , 303844 
807.74 , 345055 
807.75 , 307829 
807.76 , 307829 
807.77 , 307829 
807.78 , 332493 
807.79 , 306838 
807.8 , 306838 
807.81 , 306838 
807.82 , 306838 
807.83 , 306838 
807.84 , 306838 
807.85 , 341049 
807.86 , 290728 
807.87 , 307527 
807.88 , 282863 
807.89 , 282863 
807.9 , 282863 
807.91 , 282863 
807.92 , 331941 
807.93 , 297730 
807.94 , 297730 
807.95 , 357237 
807.96 , 299227 
807.97 , 299227 
807.98 , 201910 
807.99 , 201910 
808.0 , 222410 
808.01 , 199390 
808.02 , 199390 
808.03 , 199390 
808.04 , 199390 
808.05 , 199390 
808.06 , 199390 
808.07 , 199390 
808.08 , 199390 
808.09 , 199390 
808.1 , 199390 
808.11 , 199390 
808.12 , 199390 
808.13 , 224809 
808.14 , 211634 
808.15 , 211634 
808.16 , 211634 
808.17 , 211634 
808.18 , 211634 
808.19 , 211634 
808.2 , 211634 
808.21 , 211634 
808.22 , 246551 
808.23 , 246551 
808.24 , 246551 
808.25 , 203399 
808.26 , 203399 
808.27 , 203399 
808.28 , 203399 
808.29 , 203399 
808.3 , 203399 
808.31 , 203399 
808.32 , 203399 
808.33 , 203399 
808.34 , 203399 
808.35 , 203399 
808.36 , 203399 
808.37 , 203399 
808.38 , 203399 
808.39 , 219191 
808.4 , 193343 
808.41 , 193343 
808.42 , 193343 
808.43 , 193343 
808.44 , 210983 
808.45 , 190937 
808.46 , 190937 
808.47 , 190937 
808.48 , 190937 
808.49 , 190937 
808.5 , 190937 
808.51 , 190937 
808.52 , 351263 
808.53 , 330763 
808.54 , 330763 
808.55 , 350916 
808.56 , 303342 
808.57 , 303342 
808.58 , 303342 
808.59 , 303342 
808.6 , 303342 
808.61 , 303342 
808.62 , 303342 
808.63 , 303342 
808.64 , 303342 
808.65 , 303342 
808.66 , 349837 
808.67 , 349837 
808.68 , 463167 
808.69 , 414297 
808.7 , 449469 
808.71 , 449469 
808.72 , 469030 
808.73 , 501849 
808.74 , 403584 
808.75 , 403584 
808.76 , 403584 
808.77 , 403584 
808.78 , 403584 
808.79 , 403584 
808.8 , 484412 
808.81 , 345602 
808.82 , 345602 
808.83 , 345602 
808.84 , 345602 
808.85 , 387724 
808.86 , 354906 
808.87 , 354906 
808.88 , 354906 
808.89 , 396612 
808.9 , 477870 
808.91 , 492476 
808.92 , 474836 
808.93 , 474836 
808.94 , 474836 
808.95 , 474836 
808.96 , 503986 
808.97 , 483833 
808.98 , 483833 
808.99 , 483833 
809.0 , 518734 
809.01 , 538612 
809.02 , 519391 
809.03 , 639854 
809.04 , 615625 
809.05 , 615625 
809.06 , 615625 
809.07 , 615625 
809.08 , 615625 
809.09 , 571559 
809.1 , 383075 
809.11 , 585626 
809.12 , 477183 
809.13 , 477183 
809.14 , 563487 
809.15 , 498675 
809.16 , 498675 
809.17 , 528034 
809.18 , 490348 
809.19 , 524907 
809.2 , 524907 
809.21 , 524907 
809.22 , 524907 
809.23 , 524907 
809.24 , 524907 
809.25 , 524907 
809.26 , 571893 
809.27 , 544692 
809.28 , 530086 
809.29 , 530086 
809.3 , 530086 
809.31 , 530086 
809.32 , 568869 
809.33 , 572671 
809.34 , 550347 
809.35 , 501921 
809.36 , 501921 
809.37 , 501921 
809.38 , 468665 
809.39 , 468665 
809.4 , 468665 
809.41 , 468665 
809.42 , 468665 
809.43 , 468665 
809.44 , 511432 
809.45 , 469310 
809.46 , 420707 
809.47 , 586737 
809.48 , 544688 
809.49 , 317051 
809.5 , 317051 
809.51 , 317051 
809.52 , 317051 
809.53 , 379331 
809.54 , 379331 
809.55 , 430725 
809.56 , 430725 
809.57 , 430725 
809.58 , 369605 
809.59 , 369605 
809.6 , 369605 
809.61 , 437953 
809.62 , 413292 
809.63 , 413292 
809.64 , 439693 
809.65 , 400910 
809.66 , 400910 
809.67 , 400910 
809.68 , 400910 
809.69 , 462630 
809.7 , 495999 
809.71 , 495999 
809.72 , 495999 
809.73 , 495999 
809.74 , 495999 
809.75 , 495999 
809.76 , 495999 
809.77 , 495999 
809.78 , 495999 
809.79 , 495999 
809.8 , 457798 
809.81 , 457798 
809.82 , 457798 
809.83 , 421456 
809.84 , 421456 
809.85 , 421456 
809.86 , 463811 
809.87 , 421043 
809.88 , 421043 
809.89 , 445235 
809.9 , 407604 
809.91 , 407604 
809.92 , 407604 
809.93 , 430458 
809.94 , 401099 
809.95 , 401099 
809.96 , 401099 
809.97 , 401099 
809.98 , 401099 
809.99 , 401099 
810.0 , 401099 
810.01 , 401099 
810.02 , 401099 
810.03 , 401099 
810.04 , 427781 
810.05 , 404928 
810.06 , 420425 
810.07 , 490720 
810.08 , 490720 
810.09 , 490720 
810.1 , 439388 
810.11 , 439388 
810.12 , 439388 
810.13 , 439388 
810.14 , 439388 
810.15 , 439388 
810.16 , 439388 
810.17 , 439388 
810.18 , 487545 
810.19 , 506611 
810.2 , 488521 
810.21 , 488521 
810.22 , 563713 
810.23 , 531077 
810.24 , 573609 
810.25 , 577800 
810.26 , 558452 
810.27 , 540090 
810.28 , 646145 
810.29 , 646145 
810.3 , 586120 
810.31 , 586120 
810.32 , 586120 
810.33 , 530563 
810.34 , 495348 
810.35 , 495348 
810.36 , 495348 
810.37 , 495348 
810.38 , 390361 
810.39 , 428239 
810.4 , 408202 
810.41 , 408202 
810.42 , 408202 
810.43 , 408202 
810.44 , 508955 
810.45 , 508955 
810.46 , 508955 
810.47 , 508955 
810.48 , 508955 
810.49 , 508955 
810.5 , 508955 
810.51 , 508955 
810.52 , 508955 
810.53 , 573147 
810.54 , 640022 
810.55 , 640022 
810.56 , 640022 
810.57 , 640022 
810.58 , 640022 
810.59 , 716530 
810.6 , 716530 
810.61 , 782473 
810.62 , 714125 
810.63 , 739299 
810.64 , 759390 
810.65 , 768489 
810.66 , 786385 
810.67 , 786385 
810.68 , 786385 
810.69 , 819999 
810.7 , 819999 
810.71 , 931240 
810.72 , 911570 
810.73 , 841916 
810.74 , 787836 
810.75 , 787836 
810.76 , 872370 
810.77 , 854958 
810.78 , 794529 
810.79 , 794529 
810.8 , 794529 
810.81 , 794529 
810.82 , 794529 
810.83 , 794529 
810.84 , 794529 
810.85 , 834393 
810.86 , 708256 
810.87 , 736732 
810.88 , 736482 
810.89 , 741491 
810.9 , 741491 
810.91 , 770879 
810.92 , 771801 
810.93 , 855513 
810.94 , 855513 
810.95 , 775497 
810.96 , 704651 
810.97 , 704651 
810.98 , 737994 
810.99 , 708597 
811.0 , 753381 
811.01 , 539690 
811.02 , 494906 
811.03 , 494906 
811.04 , 494906 
811.05 , 494906 
811.06 , 524736 
811.07 , 484872 
811.08 , 484872 
811.09 , 512047 
811.1 , 506930 
811.11 , 479771 
811.12 , 479771 
811.13 , 437917 
811.14 , 437917 
811.15 , 437917 
811.16 , 437917 
811.17 , 437917 
811.18 , 437917 
811.19 , 437917 
811.2 , 437917 
811.21 , 640718 
811.22 , 553167 
811.23 , 532283 
811.24 , 532283 
811.25 , 532283 
811.26 , 675009 
811.27 , 694173 
811.28 , 685228 
811.29 , 656467 
811.3 , 781843 
811.31 , 719498 
811.32 , 719498 
811.33 , 719498 
811.34 , 614554 
811.35 , 596323 
811.36 , 596323 
811.37 , 761999 
811.38 , 761999 
811.39 , 761999 
811.4 , 761999 
811.41 , 718122 
811.42 , 718122 
811.43 , 771211 
811.44 , 730277 
811.45 , 650087 
811.46 , 650087 
811.47 , 693298 
811.48 , 670007 
811.49 , 585627 
811.5 , 585627 
811.51 , 585627 
811.52 , 585627 
811.53 , 585627 
811.54 , 641727 
811.55 , 584385 
811.56 , 584385 
811.57 , 584385 
811.58 , 584385 
811.59 , 656417 
811.6 , 656417 
811.61 , 656417 
811.62 , 692188 
811.63 , 669441 
811.64 , 669441 
811.65 , 669441 
811.66 , 669441 
811.67 , 703353 
811.68 , 731945 
811.69 , 768087 
811.7 , 710126 
811.71 , 710126 
811.72 , 656975 
811.73 , 623199 
811.74 , 579273 
811.75 , 579273 
811.76 , 619560 
811.77 , 596144 
811.78 , 596144 
811.79 , 596144 
811.8 , 535955 
811.81 , 535955 
811.82 , 479021 
811.83 , 457442 
811.84 , 421300 
811.85 , 421300 
811.86 , 421300 
811.87 , 421300 
811.88 , 337801 
811.89 , 246775 
811.9 , 246775 
811.91 , 246775 
811.92 , 246775 
811.93 , 246775 
811.94 , 246775 
811.95 , 179187 
811.96 , 179187 
811.97 , 179187 
811.98 , 179187 
811.99 , 179187 
812.0 , 179187 
812.01 , 179187 
812.02 , 179187 
812.03 , 179187 
812.04 , 179187 
812.05 , 179187 
812.06 , 179187 
812.07 , 179187 
812.08 , 179187 
812.09 , 179187 
812.1 , 179187 
812.11 , 179187 
812.12 , 179187 
812.13 , 179187 
812.14 , 179187 
812.15 , 179187 
812.16 , 179187 
812.17 , 179187 
812.18 , 179187 
812.19 , 179187 
812.2 , 179187 
812.21 , 179187 
812.22 , 179187 
812.23 , 179187 
812.24 , 179187 
812.25 , 179187 
812.26 , 56100 
812.27 , 56100 
812.28 , 56100 
812.29 , 56100 
812.3 , 56100 
812.31 , 56100 
812.32 , 56100 
812.33 , 56100 
812.34 , 56100 
812.35 , 56100 
812.36 , 56100 
812.37 , 56100 
812.38 , 56100 
812.39 , 56100 
812.4 , 56100 
812.41 , 56100 
812.42 , 56100 
812.43 , 56100 
812.44 , 56100 
812.45 , 56100 
812.46 , 56100 
812.47 , 118705 
812.48 , 62605 
812.49 , 62605 
812.5 , 62605 
812.51 , 62605 
812.52 , 62605 
812.53 , 62605 
812.54 , 62605 
812.55 , 62605 
812.56 , 62605 
812.57 , 62605 
812.58 , 62605 
812.59 , 62605 
812.6 , 62605 
812.61 , 62605 
812.62 , 62605 
812.63 , 62605 
812.64 , 62605 
812.65 , 62605 
812.66 , 62605 
812.67 , 62605 
812.68 , 62605 
812.69 , 62605 
812.7 , 62605 
812.71 , 62605 
812.72 , 62605 
812.73 , 62605 
812.74 , 62605 
812.75 , 62605 
812.76 , 62605 
812.77 , 62605 
812.78 , 62605 
812.79 , 62605 
812.8 , 62605 
812.81 , 62605 
812.82 , 62605 
812.83 , 62605 
812.84 , 62605 
812.85 , 62605 
812.86 , 62605 
812.87 , 62605 
812.88 , 62605 
812.89 , 62605 
812.9 , 62605 
812.91 , 62605 
812.92 , 62605 
812.93 , 62605 
812.94 , 62605 
812.95 , 62605 
812.96 , 62605 
812.97 , 62605 
812.98 , 62605 
812.99 , 62605 
813.0 , 62605 
813.01 , 62605 
813.02 , 62605 
813.03 , 62605 
813.04 , 62605 
813.05 , 62605 
813.06 , 62605 
813.07 , 62605 
813.08 , 62605 
813.09 , 62605 
813.1 , 62605 
813.11 , 62605 
813.12 , 62605 
813.13 , 62605 
813.14 , 62605 
813.15 , 62605 
813.16 , 62605 
813.17 , 62605 
813.18 , 62605 
813.19 , 62605 
813.2 , 62605 
813.21 , 62605 
813.22 , 62605 
813.23 , 62605 
813.24 , 62605 
813.25 , 62605 
813.26 , 62605 
813.27 , 62605 
813.28 , 62605 
813.29 , 62605 
813.3 , 62605 
813.31 , 62605 
813.32 , 62605 
813.33 , 62605 
813.34 , 62605 
813.35 , 62605 
813.36 , 62605 
813.37 , 62605 
813.38 , 62605 
813.39 , 62605 
813.4 , 62605 
813.41 , 62605 
813.42 , 62605 
813.43 , 62605 
813.44 , 62605 
813.45 , 62605 
813.46 , 62605 
813.47 , 62605 
813.48 , 62605 
813.49 , 62605 
813.5 , 62605 
813.51 , 62605 
813.52 , 62605 
813.53 , 62605 
813.54 , 62605 
813.55 , 62605 
813.56 , 62605 
813.57 , 62605 
813.58 , 62605 
813.59 , 62605 
813.6 , 62605 
813.61 , 62605 
813.62 , 62605 
813.63 , 62605 
813.64 , 62605 
813.65 , 62605 
813.66 , 62605 
813.67 , 62605 
813.68 , 62605 
813.69 , 145351 
813.7 , 82746 
813.71 , 82746 
813.72 , 82746 
813.73 , 82746 
813.74 , 82746 
813.75 , 82746 
813.76 , 82746 
813.77 , 82746 
813.78 , 82746 
813.79 , 82746 
813.8 , 82746 
813.81 , 82746 
813.82 , 82746 
813.83 , 82746 
813.84 , 82746 
813.85 , 82746 
813.86 , 82746 
813.87 , 82746 
813.88 , 82746 
813.89 , 82746 
813.9 , 82746 
813.91 , 82746 
813.92 , 82746 
813.93 , 82746 
813.94 , 82746 
813.95 , 82746 
813.96 , 82746 
813.97 , 82746 
813.98 , 82746 
813.99 , 82746 
814.0 , 82746 
814.01 , 82746 
814.02 , 82746 
814.03 , 82746 
814.04 , 82746 
814.05 , 82746 
814.06 , 82746 
814.07 , 82746 
814.08 , 82746 
814.09 , 82746 
814.1 , 82746 
814.11 , 82746 
814.12 , 82746 
814.13 , 82746 
814.14 , 82746 
814.15 , 82746 
814.16 , 82746 
814.17 , 82746 
814.18 , 82746 
814.19 , 82746 
814.2 , 82746 
814.21 , 82746 
814.22 , 82746 
814.23 , 82746 
814.24 , 82746 
814.25 , 82746 
814.26 , 82746 
814.27 , 82746 
814.28 , 82746 
814.29 , 82746 
814.3 , 82746 
814.31 , 82746 
814.32 , 82746 
814.33 , 82746 
814.34 , 176340 
814.35 , 93594 
814.36 , 93594 
814.37 , 93594 
814.38 , 93594 
814.39 , 93594 
814.4 , 93594 
814.41 , 93594 
814.42 , 93594 
814.43 , 93594 
814.44 , 93594 
814.45 , 93594 
814.46 , 93594 
814.47 , 93594 
814.48 , 93594 
814.49 , 93594 
814.5 , 93594 
814.51 , 93594 
814.52 , 176198 
814.53 , 82604 
814.54 , 82604 
814.55 , 82604 
814.56 , 82604 
814.57 , 82604 
814.58 , 82604 
814.59 , 82604 
814.6 , 82604 
814.61 , 82604 
814.62 , 82604 
814.63 , 82604 
814.64 , 82604 
814.65 , 82604 
814.66 , 82604 
814.67 , 82604 
814.68 , 82604 
814.69 , 82604 
814.7 , 82604 
814.71 , 82604 
814.72 , 82604 
814.73 , 82604 
814.74 , 82604 
814.75 , 82604 
814.76 , 82604 
814.77 , 82604 
814.78 , 82604 
814.79 , 82604 
814.8 , 82604 
814.81 , 82604 
814.82 , 82604 
814.83 , 82604 
814.84 , 82604 
814.85 , 82604 
814.86 , 82604 
814.87 , 82604 
814.88 , 82604 
814.89 , 82604 
814.9 , 82604 
814.91 , 82604 
814.92 , 82604 
814.93 , 82604 
814.94 , 82604 
814.95 , 82604 
814.96 , 82604 
814.97 , 82604 
814.98 , 82604 
814.99 , 82604 
815.0 , 160225 
815.01 , 77621 
815.02 , 77621 
815.03 , 77621 
815.04 , 77621 
815.05 , 77621 
815.06 , 77621 
815.07 , 77621 
815.08 , 77621 
815.09 , 77621 
815.1 , 77621 
815.11 , 77621 
815.12 , 77621 
815.13 , 77621 
815.14 , 77621 
815.15 , 77621 
815.16 , 77621 
815.17 , 77621 
815.18 , 77621 
815.19 , 77621 
815.2 , 77621 
815.21 , 77621 
815.22 , 77621 
815.23 , 77621 
815.24 , 77621 
815.25 , 77621 
815.26 , 77621 
815.27 , 77621 
815.28 , 77621 
815.29 , 77621 
815.3 , 77621 
815.31 , 77621 
815.32 , 77621 
815.33 , 77621 
815.34 , 77621 
815.35 , 77621 
815.36 , 135989 
815.37 , 58368 
815.38 , 58368 
815.39 , 58368 
815.4 , 58368 
815.41 , 58368 
815.42 , 58368 
815.43 , 58368 
815.44 , 58368 
815.45 , 58368 
815.46 , 58368 
815.47 , 58368 
815.48 , 58368 
815.49 , 58368 
815.5 , 58368 
815.51 , 58368 
815.52 , 58368 
815.53 , 58368 
815.54 , 58368 
815.55 , 58368 
815.56 , 58368 
815.57 , 58368 
815.58 , 58368 
815.59 , 58368 
815.6 , 58368 
815.61 , 58368 
815.62 , 58368 
815.63 , 58368 
815.64 , 58368 
815.65 , 58368 
815.66 , 58368 
815.67 , 58368 
815.68 , 58368 
815.69 , 58368 
815.7 , 58368 
815.71 , 58368 
815.72 , 58368 
815.73 , 58368 
815.74 , 58368 
815.75 , 58368 
815.76 , 58368 
815.77 , 58368 
815.78 , 58368 
815.79 , 58368 
815.8 , 58368 
815.81 , 291187 
815.82 , 291187 
815.83 , 291187 
815.84 , 291187 
815.85 , 543944 
815.86 , 485577 
815.87 , 485577 
815.88 , 485577 
815.89 , 485577 
815.9 , 485577 
815.91 , 485577 
815.92 , 485577 
815.93 , 485577 
815.94 , 485577 
815.95 , 485577 
815.96 , 485577 
815.97 , 485577 
815.98 , 485577 
815.99 , 485577 
816.0 , 707900 
816.01 , 475081 
816.02 , 475081 
816.03 , 475081 
816.04 , 672372 
816.05 , 586086 
816.06 , 586086 
816.07 , 586086 
816.08 , 586086 
816.09 , 586086 
816.1 , 586086 
816.11 , 586086 
816.12 , 586086 
816.13 , 760914 
816.14 , 760914 
816.15 , 581326 
816.16 , 581326 
816.17 , 581326 
816.18 , 581326 
816.19 , 581326 
816.2 , 581326 
816.21 , 581326 
816.22 , 581326 
816.23 , 581326 
816.24 , 581326 
816.25 , 581326 
816.26 , 581326 
816.27 , 581326 
816.28 , 581326 
816.29 , 691883 
816.3 , 632324 
816.31 , 443886 
816.32 , 443886 
816.33 , 443886 
816.34 , 443886 
816.35 , 253251 
816.36 , 369523 
816.37 , 227277 
816.38 , 227277 
816.39 , 227277 
816.4 , 227277 
816.41 , 227277 
816.42 , 227277 
816.43 , 227277 
816.44 , 227277 
816.45 , 227277 
816.46 , 227277 
816.47 , 227277 
816.48 , 227277 
816.49 , 227277 
816.5 , 227277 
816.51 , 227277 
816.52 , 227277 
816.53 , 227277 
816.54 , 227277 
816.55 , 227277 
816.56 , 227277 
816.57 , 227277 
816.58 , 227277 
816.59 , 227277 
