Date, Reviewed Today, Total Review, One, Two, Three, Four, Five, Six, Zero, One, Total Words, Known Words, Word Count
15/01/2022, 1274, 111955, 14802, 7181, 4512, 2820, 1996, 1508, 791, 12487, 1011863, 785235, 47308
16/01/2022, 0912, 112867, 14744, 7192, 4518, 2805, 2000, 1504, 784, 12591, 1012322, 786371, 47266
17/01/2022, 1052, 113919, 14622, 7175, 4499, 2822, 1995, 1504, 790, 12697, 1012572, 787545, 47125
18/01/2022, 1909, 115828, 14469, 7179, 4469, 2832, 1996, 1514, 763, 12840, 1012270, 788522, 46977
19/01/2022, 0721, 116549, 14444, 7162, 4464, 2822, 1980, 1536, 775, 12922, 1012741, 789617, 46938
20/01/2022, 1776, 118325, 14247, 7156, 4460, 2808, 1974, 1539, 774, 13078, 1012068, 790285, 46719
21/01/2022, 2450, 120775, 14030, 7179, 4445, 2776, 1998, 1411, 762, 13337, 1011465, 791902, 46524
22/01/2022, 1950, 122725, 13974, 7193, 4434, 2790, 1802, 1430, 736, 13535, 1011908, 793862, 46511
23/01/2022, 0698, 123423, 13982, 7222, 4417, 2788, 1798, 1444, 734, 13590, 1012890, 794952, 46551
24/01/2022, 2613, 126036, 13974, 7192, 4414, 2602, 1795, 1456, 722, 13839, 1013811, 797699, 46536
25/01/2022, 1834, 127870, 13924, 7127, 4415, 2577, 1810, 1442, 819, 14399, 1013170, 801365, 46425
26/01/2022, 2246, 130116, 13739, 7108, 4407, 2577, 1821, 1441, 741, 14508, 1014302, 802924, 46369
27/01/2022, 2608, 132724, 13758, 7081, 4397, 2571, 1840, 1446, 695, 14695, 1015678, 804882, 46402
28/01/2022, 1775, 134499, 13708, 7010, 4388, 2596, 1814, 1438, 694, 14867, 1014808, 805600, 46284
29/01/2022, 1629, 136128, 13667, 6843, 4379, 2605, 1804, 1444, 687, 15060, 1014504, 806511, 46242
30/01/2022, 1797, 137925, 13699, 6841, 4384, 2627, 1795, 1453, 738, 15226, 1016062, 809102, 46325
31/01/2022, 4382, 142307, 13620, 6779, 4352, 2639, 1826, 1426, 777, 15634, 1014915, 811086, 46270
01/02/2022, 3429, 145736, 13602, 6732, 4361, 2647, 1823, 1433, 696, 15842, 1016511, 813457, 46363
02/02/2022, 3986, 149722, 13593, 6690, 4348, 2635, 1844, 1430, 689, 16167, 1018061, 816578, 46441
03/02/2022, 2910, 152632, 13407, 6715, 4326, 2657, 1827, 1435, 684, 16342, 1018152, 817942, 46347
04/02/2022, 2281, 154913, 13268, 6726, 4304, 2667, 1820, 1427, 735, 16548, 1019233, 820162, 46294
05/02/2022, 0785, 155698, 13209, 6711, 4315, 2656, 1826, 1414, 753, 16632, 1020096, 821419, 46284
06/02/2022, 2241, 157939, 13092, 6676, 4315, 2665, 1803, 1428, 731, 16722, 1019309, 821452, 46171
07/02/2022, 1571, 159510, 12971, 6666, 4324, 2655, 1809, 1433, 737, 16895, 1019760, 822705, 46088
08/02/2022, 1047, 160557, 12884, 6651, 4330, 2651, 1815, 1427, 729, 16962, 1019508, 822999, 46007
09/02/2022, 2852, 163409, 12752, 6621, 4281, 2674, 1835, 1405, 706, 17190, 1019648, 824382, 45929
10/02/2022, 2616, 166025, 12692, 6587, 4280, 2678, 1825, 1399, 707, 17439, 1019895, 826142, 45894
11/02/2022, 2583, 168608, 12597, 6617, 4263, 2681, 1819, 1405, 675, 17644, 1020336, 827557, 45866
12/02/2022, 1031, 169639, 12555, 6603, 4269, 2678, 1812, 1405, 661, 17724, 1020351, 828021, 45826
13/02/2022, 1227, 170866, 12471, 6599, 4261, 2683, 1821, 1392, 666, 17839, 1021049, 829236, 45794
14/02/2022, 2080, 172946, 12419, 6537, 4270, 2687, 1812, 1394, 684, 18013, 1021360, 830636, 45746
15/02/2022, 1008, 173954, 12336, 6529, 4249, 2683, 1808, 1400, 669, 18091, 1021128, 830797, 45655
16/02/2022, 0010, 173964, 12444, 6531, 4243, 2685, 1810, 1405, 692, 18132, 1024592, 833598, 45794, 8837
17/02/2022, 0000, 173964, 12489, 6548, 4225, 2696, 1808, 1412, 715, 18176, 1027363, 835822, 45872, 8835
18/02/2022, 0000, 173964, 12514, 6537, 4234, 2694, 1802, 1420, 737, 18208, 1029585, 837701, 45908, 8836
19/02/2022, 0000, 173964, 12608, 6464, 4221, 2697, 1793, 1427, 753, 18233, 1029968, 838079, 45917, 8832
20/02/2022, 0000, 173964, 12579, 6448, 4217, 2690, 1805, 1430, 771, 18255, 1030694, 838779, 45873, 8832
21/02/2022, 0000, 173964, 12502, 6456, 4214, 2687, 1803, 1439, 784, 18265, 1031379, 839403, 45805, 8828
22/02/2022, 0000, 173964, 12608, 6373, 4212, 2667, 1815, 1430, 810, 18277, 1031171, 839338, 45806, 8823
23/02/2022, 0000, 173964, 12640, 6298, 4213, 2654, 1825, 1420, 836, 18311, 1031405, 839729, 45756, 8827
24/02/2022, 0000, 173964, 12704, 6207, 4222, 2642, 1817, 1438, 864, 18332, 1031577, 840025, 45734, 8830
25/02/2022, 0000, 173964, 12702, 6052, 4226, 2601, 1817, 1447, 883, 18340, 1028011, 837390, 45518, 8826
26/02/2022, 0, 173964, 12782, 6000, 4211, 2613, 1814, 1446, 909, 18384, 1029510, 838743, 45542, 8823
27/02/2022, 0, 173964, 12791, 5925, 4204, 2612, 1808, 1460, 927, 18399, 1028860, 838411, 45452, 8817
28/02/2022, 0, 173964, 12784, 5895, 4191, 2620, 1806, 1453, 940, 18418, 1028816, 838448, 45400, 8810
01/03/2022, 0, 173964, 12838, 5813, 4195, 2603, 1817, 1449, 963, 18464, 1029676, 839279, 45378, 8814
02/03/2022, 0, 173964, 12738, 5835, 4191, 2588, 1816, 1453, 974, 18496, 1030331, 839924, 45279, 8807
03/03/2022, 0, 173964, 12679, 5833, 4187, 2591, 1827, 1453, 1000, 18522, 1031480, 840905, 45226, 8804
04/03/2022, 0, 173964, 12632, 5844, 4186, 2597, 1826, 1449, 1029, 18559, 1032848, 842108, 45192, 8799
05/03/2022, 0, 173964, 12564, 5863, 4180, 2592, 1827, 1449, 1038, 18588, 1033736, 842882, 45137, 8798
06/03/2022, 0, 173964, 12491, 5867, 4186, 2581, 1818, 1454, 1048, 18603, 1033769, 842970, 45060, 8797
07/03/2022, 0, 173964, 12387, 5877, 4176, 2573, 1821, 1450, 1063, 18615, 1033816, 843103, 44945, 8793
08/03/2022, 0, 173964, 12334, 5889, 4181, 2561, 1827, 1438, 1088, 18635, 1034769, 844007, 44898, 8789
09/03/2022, 0, 173964, 12205, 5893, 4175, 2561, 1829, 1429, 1097, 18655, 1034532, 843934, 44754, 8783
10/03/2022, 0, 173964, 12114, 5910, 4159, 2560, 1833, 1423, 1114, 18678, 1034823, 844299, 44667, 8787
11/03/2022, 0, 173964, 12037, 5910, 4158, 2562, 1836, 1419, 1130, 18720, 1035429, 844867, 44593, 8783
12/03/2022, 0, 173964, 11950, 5918, 4145, 2574, 1822, 1432, 1150, 18747, 1035739, 845200, 44501, 8778
13/03/2022, 3384, 177348, 10349, 5837, 4090, 2529, 1825, 1419, 1012, 18715, 1013772, 828959, 42647, 8883
14/03/2022, 5854, 183202, 10278, 5872, 4061, 2548, 1829, 1421, 763, 18836, 1011138, 826949, 42637, 8937
16/03/2022, 0032, 183234, 10367, 5894, 4062, 2538, 1839, 1422, 797, 18897, 1015137, 830194, 42781, 8939
17/03/2022, 3175, 186409, 10300, 5888, 4045, 2555, 1849, 1419, 759, 19081, 1014340, 830488, 42763, 9024
18/03/2022, 0064, 186473, 10401, 5895, 4039, 2555, 1862, 1410, 765, 19128, 1017031, 832634, 42894, 9024
19/03/2022, 1534, 188007, 10341, 5889, 4049, 2541, 1853, 1422, 824, 19235, 1018477, 834484, 42878, 9093
20/03/2022, 2078, 190085, 10202, 5897, 4034, 2545, 1853, 1437, 757, 19279, 1016014, 832787, 42720, 9101
21/03/2022, 79, 190164, 10213, 5909, 4027, 2550, 1857, 1427, 762, 19313, 1018233, 834629, 42759, 9100
22/03/2022, 0, 190164, 10276, 5927, 4022, 2551, 1858, 1431, 787, 19358, 1020856, 836791, 42856, 9099
23/03/2022, 0, 190164, 10313, 5925, 4019, 2553, 1865, 1433, 810, 19388, 1022941, 838532, 42905, 9098
24/03/2022, 3510, 193674, 9821, 5899, 3968, 2552, 1893, 1408, 796, 19699, 1017261, 835653, 42320, 9171
25/03/2022, 0, 193674, 9845, 5912, 3966, 2552, 1889, 1408, 810, 19720, 1018861, 837005, 42362, 9170
26/03/2022, 1345, 195019, 9810, 5910, 3966, 2543, 1893, 1408, 844, 19836, 1020603, 839022, 42365, 9218
27/03/2022, 0, 195019, 9822, 5913, 3962, 2542, 1896, 1407, 859, 19856, 1021907, 840130, 42388, 9218
28/03/2022, 0, 195019, 9853, 5904, 3962, 2550, 1890, 1410, 875, 19904, 1023864, 841764, 42423, 9214
29/03/2022, 0, 195019, 9861, 5906, 3962, 2552, 1891, 1406, 890, 19942, 1025523, 843158, 42449, 9215
30/03/2022, 0, 195019, 9858, 5892, 3970, 2548, 1889, 1410, 902, 19979, 1026615, 844088, 42447, 9215
31/03/2022, 0, 195019, 9837, 5899, 3987, 2545, 1890, 1399, 915, 20007, 1028011, 845284, 42444, 9208
01/04/2022, 0, 195019, 9818, 5888, 3999, 2539, 1905, 1386, 929, 20041, 1029574, 846623, 42435, 9207
02/04/2022, 0, 195019, 9784, 5890, 3985, 2545, 1902, 1398, 939, 20066, 1030239, 847246, 42395, 9201
03/04/2022, 0, 195019, 9725, 5885, 3998, 2529, 1895, 1409, 951, 20101, 1030668, 847755, 42319, 9195
04/04/2022, 0, 195019, 9648, 5889, 4000, 2523, 1896, 1407, 965, 20138, 1030967, 848158, 42239, 9195
05/04/2022, 0, 195019, 9611, 5901, 3991, 2522, 1886, 1415, 980, 20184, 1031909, 848976, 42205, 9190
06/04/2022, 0, 195019, 9532, 5893, 3986, 2519, 1901, 1405, 981, 20201, 1031861, 849039, 42115, 9192
07/04/2022, 0, 195019, 9503, 5894, 3983, 2516, 1903, 1398, 1001, 20232, 1032533, 849677, 42082, 9188
08/04/2022, 0, 195019, 9459, 5891, 3976, 2525, 1894, 1407, 1022, 20273, 1033447, 850549, 42028, 9182
11/04/2022, 0, 195019, 9403, 5903, 3973, 2511, 1894, 1407, 1046, 20307, 1034631, 851726, 41964, 9175
12/04/2022, 0, 195019, 9300, 5893, 3970, 2505, 1886, 1420, 1057, 20333, 1034236, 851574, 41826, 9169
13/04/2022, 0, 195019, 9243, 5898, 3970, 2505, 1879, 1426, 1070, 20363, 1034989, 852307, 41767, 9163
14/04/2022, 0, 195019, 9165, 5897, 3970, 2492, 1874, 1434, 1086, 20405, 1035773, 853126, 41680, 9163
15/04/2022, 0, 195019, 9111, 5892, 3957, 2494, 1868, 1435, 1106, 20453, 1036482, 853871, 41612, 9163
16/04/2022, 0, 195019, 9027, 5883, 3944, 2505, 1877, 1432, 1118, 20471, 1036224, 853786, 41510, 9158
17/04/2022, 0, 195019, 8938, 5879, 3936, 2510, 1876, 1430, 1127, 20503, 1036057, 853802, 41396, 9150
18/04/2022, 0, 195019, 8806, 5866, 3939, 2510, 1878, 1433, 1128, 20512, 1034923, 853006, 41240, 9148
19/04/2022, 0, 195019, 8756, 5854, 3931, 2529, 1878, 1430, 1149, 20553, 1035570, 853630, 41180, 9140
20/04/2022, 0, 195019, 8709, 5845, 3932, 2515, 1882, 1428, 1168, 20590, 1036344, 854404, 41115, 9135
21/04/2022, 0, 195019, 8613, 5834, 3929, 2514, 1884, 1425, 1185, 20623, 1036088, 854384, 40994, 9134
22/04/2022, 0, 195019, 8521, 5841, 3930, 2517, 1873, 1426, 1203, 20674, 1036613, 854933, 40901, 9129
23/04/2022, 0, 195019, 8413, 5819, 3937, 2513, 1878, 1427, 1205, 20688, 1035715, 854341, 40761, 9125
24/04/2022, 0, 195019, 8327, 5833, 3925, 2519, 1878, 1426, 1213, 20712, 1035497, 854313, 40669, 9119
25/04/2022, 0, 195019, 8268, 5825, 3925, 2514, 1886, 1427, 1231, 20744, 1036255, 855087, 40598, 9113
26/04/2022, 0, 195019, 8211, 5826, 3905, 2518, 1889, 1429, 1243, 20782, 1036807, 855652, 40521, 9106
27/04/2022, 0, 195019, 8129, 5813, 3912, 2509, 1884, 1424, 1257, 20803, 1037074, 856006, 40427, 9106
28/04/2022, 0, 195019, 8055, 5816, 3917, 2507, 1884, 1419, 1273, 20844, 1037747, 856678, 40352, 9103
29/04/2022, 0, 195019, 8150, 5711, 3887, 2500, 1881, 1414, 1290, 20878, 1036563, 855893, 40296, 9099
30/04/2022, 0, 195019, 8107, 5725, 3877, 2495, 1894, 1413, 1304, 20909, 1037221, 856477, 40260, 9094
01/05/2022, 0, 195019, 8010, 5733, 3875, 2495, 1906, 1394, 1307, 20926, 1037469, 856761, 40164, 9088
02/05/2022, 0, 195019, 7920, 5719, 3879, 2489, 1906, 1391, 1314, 20938, 1036569, 856123, 40041, 9082
03/05/2022, 0, 195019, 7868, 5708, 3876, 2500, 1897, 1398, 1325, 20968, 1036839, 856415, 39981, 9077
04/05/2022, 0, 195019, 7777, 5694, 3876, 2499, 1911, 1377, 1341, 20996, 1036876, 856594, 39872, 9074
06/05/2022, 0, 195019, 7738, 5687, 3870, 2501, 1916, 1366, 1357, 21046, 1037788, 857428, 39822, 9070
07/05/2022, 0, 195019, 7654, 5684, 3876, 2491, 1918, 1358, 1360, 21069, 1037575, 857355, 39725, 9066
08/05/2022, 0, 195019, 7589, 5676, 3882, 2469, 1929, 1361, 1368, 21086, 1037225, 857150, 39643, 9064
09/05/2022, 0, 195019, 7675, 5554, 3853, 2465, 1943, 1347, 1378, 21122, 1035635, 856044, 39567, 9064
10/05/2022, 0, 195019, 7633, 5535, 3847, 2462, 1949, 1353, 1393, 21154, 1036386, 856760, 39494, 9047
11/05/2022, 0, 195019, 7549, 5536, 3843, 2473, 1942, 1357, 1407, 21184, 1036981, 857349, 39415, 9049
12/05/2022, 0, 195019, 7422, 5518, 3847, 2483, 1922, 1366, 1415, 21200, 1036126, 856830, 39263, 9050
13/05/2022, 0, 195019, 7222, 5514, 3856, 2474, 1920, 1365, 1428, 21231, 1034751, 855943, 39024, 9031
14/05/2022, 0, 195019, 7206, 5502, 3862, 2471, 1914, 1360, 1442, 21267, 1035222, 856399, 39001, 9033
15/05/2022, 0, 195019, 7190, 5503, 3852, 2469, 1919, 1360, 1449, 21282, 1035634, 856759, 38979, 9031
16/05/2022, 0, 195019, 7135, 5496, 3845, 2469, 1926, 1353, 1462, 21306, 1035573, 856779, 38905, 9028
17/05/2022, 0, 195019, 7077, 5506, 3828, 2467, 1926, 1349, 1474, 21342, 1036516, 857672, 38841, 9024
18/05/2022, 0, 195019, 7022, 5503, 3808, 2475, 1925, 1339, 1484, 21363, 1036611, 857852, 38768, 9024
19/05/2022, 0, 195019, 7018, 5491, 3815, 2475, 1919, 1340, 1496, 21392, 1037432, 858564, 38754, 9020
20/05/2022, 0, 195019, 6961, 5479, 3814, 2478, 1924, 1336, 1507, 21426, 1037756, 858925, 38680, 9016
21/05/2022, 0, 195019, 6911, 5472, 3812, 2488, 1911, 1338, 1522, 21461, 1038344, 859486, 38624, 9014
22/05/2022, 0, 195019, 6855, 5471, 3794, 2506, 1905, 1333, 1528, 21477, 1038473, 859680, 38557, 9013
23/05/2022, 10207, 205226, 5551, 5413, 3797, 2482, 1827, 1343, 945, 21590, 1014917, 840775, 37002, 9043
24/05/2022, 5102, 210328, 5195, 5254, 3797, 2470, 1808, 1349, 799, 21535, 1004981, 833126, 36395, 9050
25/05/2022, 5685, 216013, 5103, 5206, 3785, 2473, 1804, 1338, 707, 21653, 1005085, 834049, 36319, 9183
26/05/2022, 2219, 218232, 5069, 5160, 3776, 2492, 1785, 1333, 729, 21717, 1006781, 835913, 36270, 9222
27/05/2022, 1393, 219625, 5057, 5157, 3774, 2489, 1776, 1342, 697, 21734, 1006741, 835973, 36269, 9241
28/05/2022, 2512, 222137, 5066, 5144, 3771, 2482, 1784, 1348, 700, 21796, 1007691, 837121, 36301, 9290
29/05/2022, 166, 222303, 5130, 5143, 3774, 2478, 1795, 1351, 696, 21806, 1009069, 838183, 36381, 9289
30/05/2022, 1721, 224024, 4952, 5146, 3761, 2478, 1796, 1339, 675, 21797, 1007726, 837200, 36177, 9282
31/05/2022, 564, 224588, 5091, 5127, 3753, 2472, 1791, 1356, 677, 21848, 1012104, 840749, 36326, 9285
01/06/2022, 0, 224588, 5102, 5109, 3746, 2478, 1794, 1346, 696, 21865, 1012507, 841196, 36328, 9302
03/06/2022, 0, 224588, 5288, 5125, 3731, 2489, 1792, 1347, 728, 21956, 1019108, 846579, 36569, 9303
04/06/2022, 0, 224588, 5366, 5110, 3721, 2482, 1808, 1358, 741, 21987, 1021471, 848498, 36653, 9304
05/06/2022, 0, 224588, 5507, 5058, 3725, 2486, 1804, 1356, 749, 22014, 1022987, 849736, 36755, 9302
06/06/2022, 0, 224588, 5539, 5058, 3730, 2484, 1811, 1354, 756, 22050, 1024765, 851179, 36806, 9304
07/06/2022, 0, 224588, 5615, 5062, 3726, 2493, 1820, 1346, 767, 22096, 1027479, 853410, 36902, 9302
08/06/2022, 0, 224588, 5701, 5052, 3719, 2504, 1827, 1339, 787, 22135, 1030514, 855900, 36999, 9302
09/06/2022, 0, 224588, 5750, 5060, 3712, 2519, 1820, 1324, 819, 22197, 1033888, 858772, 37075, 9305
10/06/2022, 0, 224588, 5828, 5050, 3706, 2517, 1818, 1330, 841, 22239, 1036711, 861116, 37159, 9307
11/06/2022, 0, 224588, 5888, 5058, 3704, 2507, 1821, 1333, 856, 22275, 1039013, 862999, 37239, 9310
12/06/2022, 0, 224588, 5880, 5055, 3705, 2508, 1815, 1343, 868, 22311, 1040089, 863974, 37225, 9302
13/06/2022, 0, 224588, 6055, 4822, 3708, 2502, 1818, 1337, 880, 22355, 1036645, 861456, 37113, 9292
14/06/2022, 0, 224588, 6068, 4831, 3702, 2500, 1811, 1345, 902, 22403, 1038975, 863397, 37144, 9292
15/06/2022, 0, 224588, 6077, 4854, 3682, 2500, 1817, 1345, 918, 22459, 1041541, 865585, 37179, 9294
16/06/2022, 0, 224588, 6114, 4841, 3676, 2494, 1836, 1337, 941, 22502, 1044003, 867669, 37218, 9295
17/06/2022, 0, 224588, 6114, 4861, 3660, 2494, 1841, 1338, 959, 22543, 1046236, 869520, 37245, 9298
18/06/2022, 0, 224588, 6322, 4699, 3656, 2486, 1843, 1323, 970, 22593, 1045329, 868889, 37265, 9294
19/06/2022, 0, 224588, 6291, 4710, 3638, 2492, 1845, 1321, 986, 22616, 1046685, 870039, 37245, 9295
20/06/2022, 0, 224588, 6206, 4710, 3639, 2489, 1848, 1310, 1004, 22652, 1046921, 870323, 37154, 9294
21/06/2022, 0, 224588, 6158, 4700, 3633, 2501, 1853, 1300, 1028, 22708, 1048435, 871713, 37101, 9290
22/06/2022, 0, 224588, 6154, 4715, 3631, 2497, 1861, 1297, 1043, 22751, 1050690, 873602, 37127, 9290
23/06/2022, 0, 224588, 6146, 4727, 3617, 2493, 1862, 1297, 1059, 22801, 1052668, 875311, 37127, 9289
24/06/2022, 0, 224588, 6264, 4621, 3612, 2500, 1857, 1282, 1071, 22850, 1053067, 875808, 37126, 9286
25/06/2022, 0, 224588, 6186, 4636, 3620, 2504, 1852, 1294, 1104, 22903, 1055202, 877676, 37084, 9285
26/06/2022, 0, 224588, 6110, 4647, 3611, 2506, 1848, 1284, 1113, 22927, 1055095, 877716, 37002, 9282
27/06/2022, 0, 224588, 6249, 4544, 3585, 2526, 1822, 1315, 1128, 22955, 1054216, 877063, 37002, 9272
28/06/2022, 0, 224588, 6218, 4527, 3598, 2515, 1819, 1328, 1152, 23004, 1056291, 878855, 36963, 9264
29/06/2022, 6130, 230718, 5638, 4121, 3590, 2462, 1793, 1331, 872, 23102, 1035093, 862461, 35770, 9284
30/06/2022, 5292, 236010, 5157, 4078, 3561, 2485, 1780, 1328, 751, 23245, 1025526, 855587, 35156, 9322
01/07/2022, 5078, 241088, 4896, 3882, 3541, 2467, 1793, 1337, 687, 23199, 1017880, 849857, 34633, 9344
02/07/2022, 0, 241088, 4892, 3877, 3556, 2453, 1804, 1336, 688, 23209, 1018075, 850001, 34632, 9345
03/07/2022, 569, 241657, 4945, 3846, 3549, 2446, 1813, 1330, 710, 23278, 1019504, 851348, 34663, 9355
04/07/2022, 4653, 246310, 4405, 3654, 3523, 2448, 1811, 1321, 617, 23098, 1005795, 840494, 33799, 9344
05/07/2022, 3743, 250053, 4467, 3563, 3466, 2468, 1811, 1329, 600, 23124, 1006393, 841325, 33777, 9390
06/07/2022, 2637, 252690, 4493, 3516, 3476, 2450, 1818, 1321, 569, 23148, 1006803, 841766, 33770, 9401
07/07/2022, 1488, 254178, 4620, 3467, 3470, 2444, 1819, 1330, 559, 23155, 1007516, 842467, 33867, 9426
08/07/2022, 44, 254222, 4756, 3467, 3468, 2451, 1812, 1335, 585, 23204, 1011202, 845497, 34026, 9428
09/07/2022, 0, 254222, 4815, 3491, 3460, 2444, 1808, 1337, 603, 23248, 1014060, 847838, 34117, 9429
10/07/2022, 0, 254222, 4920, 3497, 3455, 2444, 1806, 1341, 614, 23282, 1016697, 849959, 34243, 9430
11/07/2022, 0, 254222, 5018, 3513, 3445, 2451, 1806, 1336, 626, 23327, 1019661, 852375, 34370, 9428
12/07/2022, 0, 254222, 5099, 3501, 3451, 2448, 1801, 1342, 633, 23358, 1021349, 853748, 34453, 9428
13/07/2022, 0, 254222, 5178, 3523, 3453, 2444, 1807, 1343, 653, 23395, 1024685, 856435, 34579, 9429
14/07/2022, 0, 254222, 5258, 3525, 3453, 2446, 1804, 1352, 667, 23442, 1026878, 858229, 34675, 9428
15/07/2022, 0, 254222, 5334, 3531, 3445, 2440, 1820, 1344, 686, 23478, 1029455, 860325, 34772, 9428
16/07/2022, 0, 254222, 5419, 3542, 3437, 2453, 1801, 1360, 696, 23518, 1032403, 862706, 34891, 9433
17/07/2022, 0, 254222, 5356, 3549, 3450, 2449, 1790, 1367, 701, 23538, 1032396, 862706, 34839, 9429
18/07/2022, 0, 254222, 5362, 3552, 3461, 2436, 1801, 1371, 711, 23568, 1034008, 864000, 34868, 9427
19/07/2022, 0, 254222, 5413, 3565, 3458, 2447, 1801, 1365, 727, 23604, 1036423, 865945, 34948, 9426
20/07/2022, 0, 254222, 5401, 3573, 3448, 2453, 1797, 1368, 744, 23636, 1038088, 867331, 34946, 9422
21/07/2022, 0, 254222, 5445, 3584, 3429, 2457, 1805, 1359, 758, 23684, 1040951, 869726, 35004, 9419
22/07/2022, 0, 254222, 5580, 3488, 3432, 2450, 1804, 1356, 774, 23714, 1040904, 869752, 35034, 9415
23/07/2022, 0, 254222, 5566, 3497, 3427, 2439, 1808, 1365, 797, 23760, 1042508, 871107, 35034, 9415
24/07/2022, 0, 254222, 5607, 3455, 3425, 2431, 1817, 1363, 806, 23780, 1042114, 870879, 35019, 9414
25/07/2022, 0, 254222, 5690, 3394, 3413, 2418, 1828, 1353, 815, 23810, 1041926, 870787, 35012, 9407
26/07/2022, 0, 254222, 5683, 3404, 3389, 2429, 1831, 1347, 833, 23850, 1043402, 872040, 35011, 9408
27/07/2022, 0, 254222, 5801, 3316, 3368, 2436, 1835, 1342, 845, 23890, 1043477, 872219, 35019, 9404
28/07/2022, 0, 254222, 5789, 3327, 3359, 2435, 1823, 1355, 867, 23928, 1045208, 873696, 35015, 9401
29/07/2022, 0, 254222, 5867, 3150, 3338, 2416, 1803, 1362, 908, 24010, 1043735, 872843, 34863, 9398
30/07/2022, 0, 254222, 5772, 3156, 3339, 2417, 1798, 1366, 909, 24019, 1042851, 872207, 34764, 9398
31/07/2022, 0, 254222, 5743, 3167, 3328, 2427, 1789, 1374, 919, 24037, 1043643, 872885, 34744, 9393
01/08/2022, 0, 254222, 5870, 3059, 3312, 2432, 1776, 1379, 934, 24077, 1042247, 871861, 34730, 9391
02/08/2022, 0, 254222, 5938, 3067, 3311, 2434, 1777, 1391, 959, 24144, 1045578, 874530, 34838, 9395
03/08/2022, 0, 254222, 5922, 3079, 3312, 2436, 1775, 1388, 966, 24176, 1047204, 875860, 34845, 9394
04/08/2022, 0, 254222, 5930, 3094, 3299, 2422, 1767, 1393, 976, 24210, 1048487, 876876, 34860, 9393
05/08/2022, 0, 254222, 5905, 3114, 3287, 2415, 1778, 1381, 988, 24245, 1049679, 877926, 34851, 9395
06/08/2022, 0, 254222, 5827, 3132, 3268, 2432, 1775, 1374, 1001, 24279, 1050663, 878790, 34785, 9390
07/08/2022, 0, 254222, 5834, 3066, 3268, 2432, 1792, 1369, 1011, 24302, 1049589, 878061, 34717, 9387
08/08/2022, 5321, 259543, 5174, 2746, 3257, 2422, 1766, 1363, 1003, 24507, 1030300, 864788, 33556, 9465
09/08/2022, 5229, 264772, 4915, 2651, 3249, 2416, 1764, 1380, 837, 24644, 1021893, 858661, 33146, 9501
10/08/2022, 5206, 269978, 4790, 2640, 3257, 2414, 1756, 1366, 766, 24878, 1017650, 856190, 33010, 9568
11/08/2022, 5392, 275370, 4642, 2636, 3239, 2426, 1727, 1387, 687, 25012, 1013200, 853288, 32846, 9635
12/08/2022, 5105, 280475, 4327, 2587, 3213, 2440, 1719, 1372, 616, 25019, 1006631, 848571, 32433, 9676
13/08/2022, 1886, 282361, 4310, 2531, 3206, 2438, 1731, 1367, 605, 25040, 1005647, 848049, 32363, 9708
14/08/2022, 3938, 286299, 4418, 2519, 3204, 2433, 1741, 1365, 594, 25103, 1005744, 848546, 32483, 9747
15/08/2022, 2820, 289119, 4513, 2527, 3204, 2423, 1755, 1360, 571, 25188, 1007955, 850633, 32635, 9797
16/08/2022, 2566, 291685, 4538, 2502, 3203, 2439, 1737, 1364, 566, 25179, 1008107, 850919, 32658, 9821
17/08/2022, 2152, 293837, 4515, 2518, 3207, 2439, 1744, 1356, 593, 25252, 1009184, 852116, 32691, 9862
18/08/2022, 3302, 297139, 4554, 2515, 3193, 2435, 1739, 1366, 611, 25270, 1010419, 853522, 32752, 9902
19/08/2022, 2933, 300072, 4526, 2500, 3183, 2421, 1738, 1364, 629, 25256, 1011286, 854630, 32730, 9940
20/08/2022, 1570, 301642, 4583, 2502, 3175, 2417, 1745, 1365, 626, 25294, 1012217, 855645, 32798, 9957
21/08/2022, 2093, 303735, 4684, 2467, 3152, 2421, 1752, 1367, 601, 25321, 1012409, 855943, 32868, 9976
22/08/2022, 1898, 305633, 4638, 2499, 3135, 2413, 1746, 1375, 606, 25354, 1013018, 856632, 32851, 9993
23/08/2022, 910, 306543, 4644, 2502, 3141, 2413, 1745, 1376, 600, 25371, 1013142, 856809, 32873, 10000
24/08/2022, 4162, 310705, 4599, 2511, 3132, 2414, 1761, 1377, 563, 25487, 1013479, 857554, 32876, 10052
25/08/2022, 1320, 312025, 4578, 2516, 3137, 2405, 1761, 1377, 559, 25516, 1014286, 858351, 32881, 10068
26/08/2022, 2072, 314097, 4509, 2522, 3150, 2403, 1758, 1373, 617, 25490, 1013898, 858324, 32833, 10091
27/08/2022, 1718, 315815, 4586, 2454, 3146, 2397, 1768, 1368, 609, 25534, 1013904, 858561, 32836, 10095
28/08/2022, 2003, 317818, 4608, 2480, 3139, 2388, 1772, 1372, 609, 25571, 1014177, 859008, 32886, 10111
29/08/2022, 1727, 319545, 4716, 2442, 3139, 2394, 1765, 1373, 612, 25637, 1015213, 860173, 32961, 10120
30/08/2022, 1965, 321510, 4761, 2402, 3148, 2408, 1741, 1368, 615, 25681, 1015212, 860487, 32974, 10132
31/08/2022, 2114, 323624, 4848, 2351, 3152, 2393, 1731, 1382, 607, 25741, 1015058, 860688, 33005, 10148
01/09/2022, 1729, 325353, 4815, 2355, 3157, 2393, 1728, 1375, 659, 25756, 1015810, 861612, 32978, 10158
02/09/2022, 1441, 326794, 4777, 2327, 3140, 2385, 1728, 1386, 679, 25793, 1015893, 861996, 32925, 10199
03/09/2022, 231, 327025, 4897, 2329, 3121, 2402, 1724, 1392, 708, 25841, 1019045, 864551, 33071, 10201
04/09/2022, 0000, 327025, 4952, 2334, 3111, 2403, 1726, 1385, 723, 25875, 1021216, 866398, 33137, 10200
05/09/2022, 3911, 330936, 4675, 2294, 3107, 2407, 1706, 1395, 664, 25979, 1017208, 863750, 32778, 10210
